"ID","Word"
"1","2017."
"2","As we continue to explore and learn more about this gas giant, we will undoubtedly uncover even more secrets and"
"3","In conclusion, Saturn is a fascinating planet that continues to intrigue scientists and space enthusiasts alike."
"4","It has a diameter of 116,460 km, which makes it the second-largest planet in our solar system after Jupiter."
"5","It is the sixth planet from the sun and is known for its distinctive rings, which are made up of ice particles, rocks,"
"6","Its distinctive rings, extensive system of moons, and unique atmosphere make it one of the most interesting planets in"
"7","One of the most remarkable features of Saturn is its rings."
"8","Saturn has an extensive system of moons, with over 80 known moons orbiting the planet."
"9","Saturn has been visited by several spacecraft, including the Cassini spacecraft, which orbited the planet from 2004 to"
"10","Saturn is a gas giant, meaning that it is primarily composed of hydrogen and helium gas."
"11","Saturn is one of the most fascinating and beautiful planets in our solar system."
"12","The atmosphere of Saturn is also fascinating. It is primarily composed of hydrogen and helium gas, but it also contains"
"13","The largest of these moons is Titan, which is larger than the planet Mercury."
"14","The planet has a low density, which means that if there were a body of water large enough to hold it, Saturn would"
"15","The planet is named after the Roman god of agriculture and harvest, Saturnus."
"16","The rings are believed to have formed from the debris left over from the formation of Saturn's moons."
"17","The rings are made up of billions of particles ranging in size from tiny dust grains to large boulders."
"18","The rings are not solid but are instead made up of many individual particles orbiting the planet."
"19","The spacecraft provided scientists with valuable data about the planet's atmosphere, rings, and moons."
"20","Titan is the only moon in our solar system with a thick atmosphere, and it is the only other place in the solar system"
"21","and dust."
"22","besides Earth where liquid exists on the surface."
"23","float."
"24","mysteries about this beautiful planet."
"25","our solar system."
"26","storms, including a massive storm known as the Great White Spot that occurs every 30 years or so."
"27","trace amounts of other gases such as methane and ammonia. The planet's atmosphere is characterized by strong winds and"
